[
  {
    "id": 1,
    "nombre": "Paracetamol 500mg",
    "categoria": "medicinas",
    "descripcion": "Analgésico y antipirético para el alivio del dolor y fiebre.",
    "precio": 5.50,
    "rating": 4.8,
    "imagen": "../assets/img/paracetamol.jpg",
    "stock": 50,
    "fecha_caducidad": "1 de mayo del 2026"
  },
  {
    "id": 2,
    "nombre": "Ibuprofeno 400mg",
    "categoria": "medicinas",
    "descripcion": "Antiinflamatorio no esteroideo para dolor e inflamación.",
    "precio": 6.00,
    "rating": 4.8,
    "imagen": "../assets/img/ibuprofeno.jpg",
    "stock": 40,
    "fecha_caducidad": "15 de junio del 2026"
  },
  {
    "id": 3,
    "nombre": "Omeprazol 20mg",
    "categoria": "medicinas",
    "descripcion": "Inhibidor de la bomba de protones para acidez y reflujo.",
    "precio": 8.50,
    "rating": 4.7,
    "imagen": "../assets/img/omeprazol.jpg",
    "stock": 30,
    "fecha_caducidad": "10 de enero del 2027"
  },
  {
    "id": 4,
    "nombre": "Crema Hidratante",
    "categoria": "cuidado-personal",
    "descripcion": "Crema hidratante para piel seca y sensible.",
    "precio": 12.00,
    "rating": 4.9,
    "imagen": "../assets/img/crema-hidratante.jpg",
    "stock": 20,
    "fecha_caducidad": "20 de marzo del 2027"
  },
  {
    "id": 5,
    "nombre": "Vitamina C 1g",
    "categoria": "vitaminas",
    "descripcion": "Suplemento para reforzar el sistema inmunológico.",
    "precio": 15.00,
    "rating": 4.6,
    "imagen": "../assets/img/vitamina-c.png",
    "stock": 25,
    "fecha_caducidad": "30 de agosto del 2027"
  },
  {
    "id": 6,
    "nombre": "Shampoo Anticaspa",
    "categoria": "cuidado-personal",
    "descripcion": "Shampoo para control de caspa y cuidado del cuero cabelludo.",
    "precio": 18.00,
    "rating": 4.5,
    "imagen": "../assets/img/shampoo.jpg",
    "stock": 15,
    "fecha_caducidad": "1 de diciembre del 2027"
  },
  {
    "id": 7,
    "nombre": "Multivitamínico Complejo B",
    "categoria": "vitaminas",
    "descripcion": "Complejo de vitaminas B para energía y bienestar general.",
    "precio": 20.00,
    "rating": 4.7,
    "imagen": "../assets/img/multivitaminico.jpg",
    "stock": 10,
    "fecha_caducidad": "15 de noviembre del 2026"
  },
  {
    "id": 8,
    "nombre": "Protector Solar SPF50",
    "categoria": "cuidado-personal",
    "descripcion": "Protección solar de amplio espectro para piel sensible.",
    "precio": 25.00,
    "rating": 4.9,
    "imagen": "../assets/img/protector-solar.jpg",
    "stock": 12,
    "fecha_caducidad": "1 de septiembre del 2026"
  },
  {
    "id": 9,
    "nombre": "Amoxicilina 500mg",
    "categoria": "medicinas",
    "descripcion": "Antibiótico de amplio espectro para infecciones bacterianas.",
    "precio": 10.00,
    "rating": 4.6,
    "imagen": "../assets/img/amoxicilina.jpg",
    "stock": 35,
    "fecha_caducidad": "10 de octubre del 2026"
  },
  {
    "id": 10,
    "nombre": "Aspirina 100mg",
    "categoria": "medicinas",
    "descripcion": "Alivio del dolor leve y prevención de problemas cardiovasculares.",
    "precio": 4.50,
    "rating": 4.5,
    "imagen": "../assets/img/aspirina.png",
    "stock": 45,
    "fecha_caducidad": "28 de febrero del 2027"
  },
  {
    "id": 11,
    "nombre": "Parche Antiinflamatorio Salonpas",
    "categoria": "medicinas",
    "descripcion": "Alivio rápido para dolores musculares y articulares.",
    "precio": 12.00,
    "rating": 4.8,
    "imagen": "../assets/img/salonpas.png",
    "stock": 25,
    "fecha_caducidad": "10 de abril del 2027"
  },
  {
    "id": 12,
    "nombre": "Jarabe para la Tos Vick 120ml",
    "categoria": "medicinas",
    "descripcion": "Alivia la tos seca y productiva.",
    "precio": 14.00,
    "rating": 4.7,
    "imagen": "../assets/img/vick-tos.jpg",
    "stock": 30,
    "fecha_caducidad": "5 de diciembre del 2026"
  },
  {
    "id": 13,
    "nombre": "Ibuprofeno 600mg",
    "categoria": "medicinas",
    "descripcion": "Antiinflamatorio potente para dolor e inflamación.",
    "precio": 8.00,
    "rating": 4.6,
    "imagen": "../assets/img/ibuprofeno-600.jpg",
    "stock": 25,
    "fecha_caducidad": "20 de julio del 2026"
  },
  {
    "id": 14,
    "nombre": "Crema Antifúngica Canesten 20g",
    "categoria": "medicinas",
    "descripcion": "Tratamiento para infecciones por hongos en la piel.",
    "precio": 18.00,
    "rating": 4.8,
    "imagen": "../assets/img/canesten.jpg",
    "stock": 20,
    "fecha_caducidad": "18 de junio del 2027"
  },
  {
    "id": 15,
    "nombre": "Vitamina D3 1000 UI",
    "categoria": "vitaminas",
    "descripcion": "Suplemento para fortalecer huesos y sistema inmunológico.",
    "precio": 15.00,
    "rating": 4.7,
    "imagen": "../assets/img/vitamina-d3.jpg",
    "stock": 30,
    "fecha_caducidad": "30 de septiembre del 2027"
  },
  {
    "id": 16,
    "nombre": "Multivitamínico Centrum 50+",
    "categoria": "vitaminas",
    "descripcion": "Suplemento completo para adultos mayores.",
    "precio": 60.00,
    "rating": 4.8,
    "imagen": "../assets/img/centrum-50.jpg",
    "stock": 15,
    "fecha_caducidad": "10 de noviembre del 2027"
  },
  {
    "id": 17,
    "nombre": "Protector Solar Nivea SPF50 100ml",
    "categoria": "cuidado-personal",
    "descripcion": "Protección solar de amplio espectro para todo tipo de piel.",
    "precio": 35.00,
    "rating": 4.9,
    "imagen": "../assets/img/protector-nivea.webp",
    "stock": 20,
    "fecha_caducidad": "15 de agosto del 2026"
  },
  {
    "id": 18,
    "nombre": "Shampoo Anticaspa Head & Shoulders 200ml",
    "categoria": "cuidado-personal",
    "descripcion": "Controla la caspa y previene irritaciones del cuero cabelludo.",
    "precio": 18.00,
    "rating": 4.7,
    "imagen": "../assets/img/head-shoulders.png",
    "stock": 25,
    "fecha_caducidad": "1 de abril del 2027"
  },
  {
    "id": 19,
    "nombre": "Gel Antibacterial Purell 250ml",
    "categoria": "cuidado-personal",
    "descripcion": "Elimina gérmenes y bacterias sin necesidad de agua.",
    "precio": 12.00,
    "rating": 4.8,
    "imagen": "../assets/img/purell.jpg",
    "stock": 40,
    "fecha_caducidad": "15 de mayo del 2027"
  },
  {
    "id": 20,
    "nombre": "Crema Hidratante Nivea Soft 200ml",
    "categoria": "cuidado-personal",
    "descripcion": "Hidratación ligera para todo tipo de piel.",
    "precio": 22.00,
    "rating": 4.7,
    "imagen": "../assets/img/nivea-soft.webp",
    "stock": 20,
    "fecha_caducidad": "10 de octubre del 2027"
  },
  {
    "id": 21,
    "nombre": "Toallitas Húmedas Johnson's Baby 44 unidades",
    "categoria": "bebés",
    "descripcion": "Limpieza suave para la piel sensible de los bebés.",
    "precio": 12.50,
    "rating": 4.9,
    "imagen": "../assets/img/toallitas-baby.webp",
    "stock": 30,
    "fecha_caducidad": "1 de julio del 2027"
  },
  {
    "id": 22,
    "nombre": "Pañales Huggies Etapa 3 (60 unidades)",
    "categoria": "bebés",
    "descripcion": "Pañales absorbentes y cómodos para bebés de 5-9 kg.",
    "precio": 85.00,
    "rating": 4.8,
    "imagen": "../assets/img/panales-huggies.webp",
    "stock": 25,
    "fecha_caducidad": "31 de diciembre del 2027"
  },
  {
    "id": 23,
    "nombre": "Leche Infantil NAN 1 400g",
    "categoria": "bebés",
    "descripcion": "Fórmula infantil para bebés desde nacimiento.",
    "precio": 35.00,
    "rating": 4.7,
    "imagen": "../assets/img/nan1.jpg",
    "stock": 20,
    "fecha_caducidad": "30 de noviembre del 2026"
  },
  {
    "id": 24,
    "nombre": "Protector Bucal Listerine 500ml",
    "categoria": "cuidado-personal",
    "descripcion": "Enjuague bucal para una higiene completa y aliento fresco.",
    "precio": 18.00,
    "rating": 4.7,
    "imagen": "../assets/img/listerine.jpg",
    "stock": 25,
    "fecha_caducidad": "15 de marzo del 2027"
  },
  {
    "id": 25,
    "nombre": "Crema Dental Colgate Total 100g",
    "categoria": "cuidado-personal",
    "descripcion": "Protege encías, previene caries y blanquea dientes.",
    "precio": 6.50,
    "rating": 4.8,
    "imagen": "../assets/img/colgate-total.jpg",
    "stock": 50,
    "fecha_caducidad": "1 de septiembre del 2027"
  },
  {
    "id": 26,
    "nombre": "Condones Durex Sensitivo 12 unidades",
    "categoria": "salud-sexual",
    "descripcion": "Máxima protección y sensibilidad durante el acto sexual.",
    "precio": 30.00,
    "rating": 4.9,
    "imagen": "../assets/img/durex.jpg",
    "stock": 30,
    "fecha_caducidad": "1 de enero del 2028"
  },
  {
    "id": 27,
    "nombre": "Lubricante K-Y Jelly 100g",
    "categoria": "salud-sexual",
    "descripcion": "Lubricante íntimo compatible con preservativos de látex.",
    "precio": 20.00,
    "rating": 4.7,
    "imagen": "../assets/img/ky-jelly.jpg",
    "stock": 20,
    "fecha_caducidad": "1 de mayo del 2027"
  },
  {
    "id": 28,
    "nombre": "Vitamina C 500mg x 30 tabletas",
    "categoria": "vitaminas",
    "descripcion": "Refuerza el sistema inmunológico y combate la fatiga.",
    "precio": 18.00,
    "rating": 4.8,
    "imagen": "../assets/img/vitamina-c30.jpg",
    "stock": 35,
    "fecha_caducidad": "1 de agosto del 2027"
  },
  {
    "id": 29,
    "nombre": "Complex B Vitaminas 30 cápsulas",
    "categoria": "vitaminas",
    "descripcion": "Suplemento para energía y metabolismo saludable.",
    "precio": 22.00,
    "rating": 4.7,
    "imagen": "../assets/img/complex-b.jpg",
    "stock": 25,
    "fecha_caducidad": "1 de octubre del 2027"
  },
  {
    "id": 30,
    "nombre": "Jarabe para la Tos Ambroxol 100ml",
    "categoria": "medicinas",
    "descripcion": "Disuelve la mucosidad y facilita la expectoración.",
    "precio": 14.00,
    "rating": 4.6,
    "imagen": "../assets/img/ambroxol.jpg",
    "stock": 30,
    "fecha_caducidad": "15 de septiembre del 2026"
  },
  {
    "id": 31,
    "nombre": "Crema Cicatrizante Bepanthol 30g",
    "categoria": "cuidado-personal",
    "descripcion": "Cura y protege heridas menores y quemaduras leves.",
    "precio": 20.00,
    "rating": 4.9,
    "imagen": "../assets/img/bepanthol.jpg",
    "stock": 25,
    "fecha_caducidad": "1 de junio del 2027"
  },
  {
    "id": 32,
    "nombre": "Solución Salina 0.9% 500ml",
    "categoria": "medicinas",
    "descripcion": "Limpieza de heridas y lavado nasal.",
    "precio": 10.00,
    "rating": 4.8,
    "imagen": "../assets/img/solucion-salina.jpg",
    "stock": 40,
    "fecha_caducidad": "1 de febrero del 2027"
  },
  {
    "id": 33,
    "nombre": "Alcohol Antiséptico 70% 500ml",
    "categoria": "cuidado-personal",
    "descripcion": "Desinfección de manos y superficies.",
    "precio": 12.00,
    "rating": 4.7,
    "imagen": "../assets/img/alcohol-70.jpg",
  "stock": 50,
  "fecha_caducidad": "1 de enero del 2028"
  },
  {
    "id": 34,
    "nombre": "Termómetro Digital Rossmax",
    "categoria": "cuidado-personal",
    "descripcion": "Medición rápida y precisa de la temperatura corporal.",
    "precio": 55.00,
    "rating": 4.9,
    "imagen": "../assets/img/termometro.jpg",
    "stock": 15,
    "fecha_caducidad": "1 de enero del 2029"
  },
  {
    "id": 35,
    "nombre": "Guantes de Nitrilo 50 unidades",
    "categoria": "cuidado-personal",
    "descripcion": "Protección higiénica para manos, ideal en el hogar o clínica.",
    "precio": 25.00,
    "rating": 4.8,
    "imagen": "../assets/img/guantes-nitrilo.jpg",
    "stock": 40,
    "fecha_caducidad": "1 de junio del 2028"
  },
  {
    "id": 36,
    "nombre": "Vaselina Pura 50g",
    "categoria": "cuidado-personal",
    "descripcion": "Hidratante y protector de piel seca o agrietada.",
    "precio": 8.00,
    "rating": 4.7,
    "imagen": "../assets/img/vaselina.jpg",
  "stock": 35,
  "fecha_caducidad": "1 de enero del 2028"
  },
  {
    "id": 37,
    "nombre": "Spray Nasal Salino 100ml",
    "categoria": "medicinas",
    "descripcion": "Hidratación y limpieza de fosas nasales.",
    "precio": 15.00,
    "rating": 4.8,
    "imagen": "../assets/img/spray-nasal.jpg",
    "stock": 30,
    "fecha_caducidad": "1 de marzo del 2027"
  },
  {
    "id": 38,
    "nombre": "Protector Labial Nivea 4.8g",
    "categoria": "cuidado-personal",
    "descripcion": "Hidrata y protege los labios secos o agrietados.",
    "precio": 8.50,
    "rating": 4.9,
    "imagen": "../assets/img/protector-labial.jpg",
  "stock": 40,
  "fecha_caducidad": "1 de enero del 2028"
  }
]
